{
    "trigger": true,
    "modules": [
        "custom"
    ],
    "parentResource": "plooralistAuth",
    "functionName": "plooralistAuthPostConfirmation",
    "parentStack": "auth",
    "triggerEnvs": "[]",
    "triggerDir": "/usr/local/lib/node_modules/@aws-amplify/cli/node_modules/amplify-category-auth/provider-utils/awscloudformation/utils/../triggers/PostConfirmation",
    "roleName": "plooralistAuthPostConfirmation",
    "triggerTemplate": "PostConfirmation.json.ejs",
    "triggerEventPath": "PostConfirmation.event.json",
    "skipEdit": true,
    "resourceName": "plooralistAuthPostConfirmation"
}