{
	"AWSTemplateFormatVersion": "2010-09-09",
	"Description": "Lambda resource stack creation using Amplify CLI",
	"Parameters": {
		"env": {
			"Type": "String"
		},
		"apiplooralistGraphQLGraphQLAPIIdOutput": {
			"Type": "String",
			"Default": "apiplooralistGraphQLGraphQLAPIIdOutput"
		},
		"apiplooralistGraphQLGraphQLAPIEndpointOutput": {
			"Type": "String",
			"Default": "apiplooralistGraphQLGraphQLAPIEndpointOutput"
		}
	},
	"Conditions": {
		"ShouldNotCreateEnvResources": {
			"Fn::Equals": [
				{
					"Ref": "env"
				},
				"NONE"
			]
		}
	},
	"Resources": {
		"LambdaFunction": {
			"Type": "AWS::Lambda::Function",
			"Metadata": {
				"aws:asset:path": "./src",
				"aws:asset:property": "Code"
			},
			"Properties": {
				"Handler": "index.handler",
				"FunctionName": {
					"Fn::If": [
						"ShouldNotCreateEnvResources",
						"plooralistCreatePanelAndMembers",
						{
							"Fn::Join": [
								"",
								[
									"plooralistCreatePanelAndMembers",
									"-",
									{
										"Ref": "env"
									}
								]
							]
						}
					]
				},
				"Environment": {
					"Variables": {
						"ENV": {
							"Ref": "env"
						},
						"REGION": {
							"Ref": "AWS::Region"
						},
						"API_PLOORALISTGRAPHQL_GRAPHQLAPIIDOUTPUT": {
							"Ref": "apiplooralistGraphQLGraphQLAPIIdOutput"
						},
						"API_PLOORALISTGRAPHQL_GRAPHQLAPIENDPOINTOUTPUT": {
							"Ref": "apiplooralistGraphQLGraphQLAPIEndpointOutput"
						}
					}
				},
				"Role": {
					"Fn::GetAtt": [
						"LambdaExecutionRole",
						"Arn"
					]
				},
				"Runtime": "nodejs10.x",
				"Timeout": "25",
				"Code": {
					"S3Bucket": "amplify-plooralist-dev-115520-deployment",
					"S3Key": "amplify-builds/plooralistCreatePanelAndMembers-4c366445722f7335674f-build.zip"
				}
			}
		},
		"LambdaExecutionRole": {
			"Type": "AWS::IAM::Role",
			"Properties": {
				"RoleName": {
					"Fn::If": [
						"ShouldNotCreateEnvResources",
						"plooralistLambdaRole809bb940",
						{
							"Fn::Join": [
								"",
								[
									"plooralistLambdaRole809bb940",
									"-",
									{
										"Ref": "env"
									}
								]
							]
						}
					]
				},
				"AssumeRolePolicyDocument": {
					"Version": "2012-10-17",
					"Statement": [
						{
							"Effect": "Allow",
							"Principal": {
								"Service": [
									"lambda.amazonaws.com"
								]
							},
							"Action": [
								"sts:AssumeRole"
							]
						}
					]
				}
			}
		},
		"lambdaexecutionpolicy": {
			"DependsOn": [
				"LambdaExecutionRole"
			],
			"Type": "AWS::IAM::Policy",
			"Properties": {
				"PolicyName": "lambda-execution-policy",
				"Roles": [
					{
						"Ref": "LambdaExecutionRole"
					}
				],
				"PolicyDocument": {
					"Version": "2012-10-17",
					"Statement": [
						{
							"Effect": "Allow",
							"Action": [
								"logs:CreateLogGroup",
								"logs:CreateLogStream",
								"logs:PutLogEvents"
							],
							"Resource": {
								"Fn::Sub": [
									"arn:aws:logs:${region}:${account}:log-group:/aws/lambda/${lambda}:log-stream:*",
									{
										"region": {
											"Ref": "AWS::Region"
										},
										"account": {
											"Ref": "AWS::AccountId"
										},
										"lambda": {
											"Ref": "LambdaFunction"
										}
									}
								]
							}
						},
						{
							"Effect": "Allow",
							"Action": [
								"dynamodb:*"
							],
							"Resource": {
								"Fn::Sub": [
									"arn:aws:dynamodb:${region}:${account}:table/*",
									{
										"region": {
											"Ref": "AWS::Region"
										},
										"account": {
											"Ref": "AWS::AccountId"
										}
									}
								]
							}
						}
					]
				}
			}
		},
		"AmplifyResourcesPolicy": {
			"DependsOn": [
				"LambdaExecutionRole"
			],
			"Type": "AWS::IAM::Policy",
			"Properties": {
				"PolicyName": "amplify-lambda-execution-policy",
				"Roles": [
					{
						"Ref": "LambdaExecutionRole"
					}
				],
				"PolicyDocument": {
					"Version": "2012-10-17",
					"Statement": [
						{
							"Effect": "Allow",
							"Action": [
								"appsync:Create*",
								"appsync:StartSchemaCreation",
								"appsync:GraphQL",
								"appsync:Get*",
								"appsync:List*",
								"appsync:Update*"
							],
							"Resource": [
								{
									"Fn::Join": [
										"",
										[
											"arn:aws:appsync:",
											{
												"Ref": "AWS::Region"
											},
											":",
											{
												"Ref": "AWS::AccountId"
											},
											":apis/",
											{
												"Ref": "apiplooralistGraphQLGraphQLAPIIdOutput"
											},
											"/*"
										]
									]
								}
							]
						}
					]
				}
			}
		}
	},
	"Outputs": {
		"Name": {
			"Value": {
				"Ref": "LambdaFunction"
			}
		},
		"Arn": {
			"Value": {
				"Fn::GetAtt": [
					"LambdaFunction",
					"Arn"
				]
			}
		},
		"Region": {
			"Value": {
				"Ref": "AWS::Region"
			}
		},
		"LambdaExecutionRole": {
			"Value": {
				"Ref": "LambdaExecutionRole"
			}
		}
	}
}