{
    "identityPoolName": "plooralistIdentityPool",
    "allowUnauthenticatedIdentities": true,
    "resourceNameTruncated": "ploorac9054ef9",
    "userPoolName": "plooralistplooralistUserPool",
    "autoVerifiedAttributes": [
        "phone_number"
    ],
    "mfaConfiguration": "OFF",
    "mfaTypes": [
        "SMS Text Message"
    ],
    "smsAuthenticationMessage": "Your authentication code is {####}",
    "smsVerificationMessage": "Your verification code is {####}",
    "emailVerificationSubject": "Your verification code",
    "emailVerificationMessage": "Your verification code is {####}",
    "defaultPasswordPolicy": false,
    "passwordPolicyMinLength": 8,
    "passwordPolicyCharacters": [],
    "requiredAttributes": [],
    "userpoolClientGenerateSecret": true,
    "userpoolClientRefreshTokenValidity": 30,
    "userpoolClientWriteAttributes": [
        "email"
    ],
    "userpoolClientReadAttributes": [
        "email"
    ],
    "userpoolClientLambdaRole": "ploorac9054ef9_userpoolclient_lambda_role",
    "userpoolClientSetAttributes": false,
    "useDefault": "manual",
    "authSelections": "identityPoolAndUserPool",
    "resourceName": "plooralistAuth",
    "thirdPartyAuth": false,
    "usernameAttributes": [
        "phone_number"
    ],
    "userPoolGroups": false,
    "adminQueries": false,
    "triggers": "{\"PostConfirmation\":[\"custom\"]}",
    "hostedUI": false,
    "userPoolGroupList": [],
    "authRoleArn": {
        "Fn::GetAtt": [
            "AuthRole",
            "Arn"
        ]
    },
    "unauthRoleArn": {
        "Fn::GetAtt": [
            "UnauthRole",
            "Arn"
        ]
    },
    "parentStack": {
        "Ref": "AWS::StackId"
    },
    "permissions": [],
    "dependsOn": [
        {
            "category": "function",
            "resourceName": "plooralistAuthPostConfirmation",
            "triggerProvider": "Cognito",
            "attributes": [
                "Arn",
                "Name"
            ]
        }
    ]
}