{
	"AWSTemplateFormatVersion": "2010-09-09",
	"Description": "An auto-generated nested stack.",
	"Metadata": {},
	"Parameters": {
		"AppSyncApiId": {
			"Type": "String",
			"Description": "The id of the AppSync API associated with this project."
		},
		"AppSyncApiName": {
			"Type": "String",
			"Description": "The name of the AppSync API",
			"Default": "AppSyncSimpleTransform"
		},
		"env": {
			"Type": "String",
			"Description": "The environment name. e.g. Dev, Test, or Production",
			"Default": "NONE"
		},
		"S3DeploymentBucket": {
			"Type": "String",
			"Description": "The S3 bucket containing all deployment assets for the project."
		},
		"S3DeploymentRootKey": {
			"Type": "String",
			"Description": "An S3 key relative to the S3DeploymentBucket that points to the root\nof the deployment directory."
		}
	},
	"Resources": {
		"EmptyResource": {
			"Type": "Custom::EmptyResource",
			"Condition": "AlwaysFalse"
		},
		"LocalDataSource": {
		  "Type": "AWS::AppSync::DataSource",
		  "Properties": {
		    "ApiId": {
		      "Ref": "AppSyncApiId"
		    },
		    "Name": "LocalDataSource",
		    "Type": "NONE"
		  }
		},
		"QueryGetCurrentUserResolver": {
			"Type": "AWS::AppSync::Resolver",
			"Properties": {
				"ApiId": {
					"Ref": "AppSyncApiId"
				},
				"DataSourceName": "UserTable",
				"TypeName": "Query",
				"FieldName": "getCurrentUser",
				"RequestMappingTemplateS3Location": {
					"Fn::Sub": [
						"s3://${S3DeploymentBucket}/${S3DeploymentRootKey}/resolvers/Query.getCurrentUser.req.vtl",
						{
							"S3DeploymentBucket": {
								"Ref": "S3DeploymentBucket"
							},
							"S3DeploymentRootKey": {
								"Ref": "S3DeploymentRootKey"
							}
						}
					]
				},
				"ResponseMappingTemplateS3Location": {
					"Fn::Sub": [
						"s3://${S3DeploymentBucket}/${S3DeploymentRootKey}/resolvers/Query.getCurrentUser.res.vtl",
						{
							"S3DeploymentBucket": {
								"Ref": "S3DeploymentBucket"
							},
							"S3DeploymentRootKey": {
								"Ref": "S3DeploymentRootKey"
							}
						}
					]
				}
			}
		},
		"CreatePanelAndMembersLambdaDataSource": {
		  "Type": "AWS::AppSync::DataSource",
		  "Properties": {
		    "ApiId": {
		      "Ref": "AppSyncApiId"
		    },
		    "Name": "PlooralistCreatePanelAndMembers",
		    "Type": "AWS_LAMBDA",
		    "ServiceRoleArn": {
		      "Fn::GetAtt": [
		        "CreatePanelAndMembersLambdaDataSourceRole",
		        "Arn"
		      ]
		    },
		    "LambdaConfig": {
		      "LambdaFunctionArn": {
		        "Fn::Sub": [
		          "arn:aws:lambda:${AWS::Region}:${AWS::AccountId}:function:plooralistCreatePanelAndMembers-${env}",
		          { "env": { "Ref": "env" } }
		        ]
		      }
		    }
		  }
		},
		"CreatePanelAndMembersLambdaDataSourceRole": {
		  "Type": "AWS::IAM::Role",
		  "Properties": {
		    "RoleName": {
		      "Fn::Sub": [
		        "CreatePanelAndMembersLambdaDataSourceRole-${env}",
		        { "env": { "Ref": "env" } }
		      ]
		    },
		    "AssumeRolePolicyDocument": {
		      "Version": "2012-10-17",
		      "Statement": [
		        {
		          "Effect": "Allow",
		          "Principal": {
		            "Service": "appsync.amazonaws.com"
		          },
		          "Action": "sts:AssumeRole"
		        }
		      ]
		    },
		    "Policies": [
		      {
		        "PolicyName": "InvokeLambdaFunction",
		        "PolicyDocument": {
		          "Version": "2012-10-17",
		          "Statement": [
		            {
		              "Effect": "Allow",
		              "Action": [
		                "lambda:invokeFunction"
		              ],
		              "Resource": [
		                {
		                  "Fn::Sub": [
		                    "arn:aws:lambda:${AWS::Region}:${AWS::AccountId}:function:plooralistCreatePanelAndMembers-${env}",
		                    { "env": { "Ref": "env" } }
		                  ]
		                }
		              ]
		            }
		          ]
		        }
		      }
	    	]
	  	}
		},
		"MutationCreatePanelAndMembersResolver": {
		  "Type": "AWS::AppSync::Resolver",
		  "Properties": {
		    "ApiId": {
		      "Ref": "AppSyncApiId"
		    },
		    "DataSourceName": {
		      "Fn::GetAtt": [
		        "CreatePanelAndMembersLambdaDataSource",
		        "Name"
		      ]
		    },
		    "TypeName": "Mutation",
		    "FieldName": "createPanelAndMembers",
		    "RequestMappingTemplateS3Location": {
		      "Fn::Sub": [
		        "s3://${S3DeploymentBucket}/${S3DeploymentRootKey}/resolvers/Mutation.createPanelAndMembers.req.vtl",
		        {
		          "S3DeploymentBucket": {
		            "Ref": "S3DeploymentBucket"
		          },
		          "S3DeploymentRootKey": {
		            "Ref": "S3DeploymentRootKey"
		          }
		        }
		      ]
		    },
		    "ResponseMappingTemplateS3Location": {
		      "Fn::Sub": [
		        "s3://${S3DeploymentBucket}/${S3DeploymentRootKey}/resolvers/Mutation.createPanelAndMembers.res.vtl",
		        {
		          "S3DeploymentBucket": {
		            "Ref": "S3DeploymentBucket"
		          },
		          "S3DeploymentRootKey": {
		            "Ref": "S3DeploymentRootKey"
		          }
		        }
		      ]
		    }
		  }
		},
		"MutationCreateStreamMemberResolver": {
		  "Type": "AWS::AppSync::Resolver",
		  "Properties": {
		    "ApiId": {
		      "Ref": "AppSyncApiId"
		    },
		    "DataSourceName": {
		      "Fn::GetAtt": [
		        "LocalDataSource",
		        "Name"
		      ]
		    },
		    "TypeName": "Mutation",
		    "FieldName": "createStreamMember",
		    "RequestMappingTemplateS3Location": {
		      "Fn::Sub": [
		        "s3://${S3DeploymentBucket}/${S3DeploymentRootKey}/resolvers/Mutation.createStreamMember.req.vtl",
		        {
		          "S3DeploymentBucket": {
		            "Ref": "S3DeploymentBucket"
		          },
		          "S3DeploymentRootKey": {
		            "Ref": "S3DeploymentRootKey"
		          }
		        }
		      ]
		    },
		    "ResponseMappingTemplateS3Location": {
		      "Fn::Sub": [
		        "s3://${S3DeploymentBucket}/${S3DeploymentRootKey}/resolvers/Mutation.createStreamMember.res.vtl",
		        {
		          "S3DeploymentBucket": {
		            "Ref": "S3DeploymentBucket"
		          },
		          "S3DeploymentRootKey": {
		            "Ref": "S3DeploymentRootKey"
		          }
		        }
		      ]
		    }
		  }
		},
		"MutationStreamUpdateMemberResolver": {
		  "Type": "AWS::AppSync::Resolver",
		  "Properties": {
		    "ApiId": {
		      "Ref": "AppSyncApiId"
		    },
		    "DataSourceName": {
		      "Fn::GetAtt": [
		        "LocalDataSource",
		        "Name"
		      ]
		    },
		    "TypeName": "Mutation",
		    "FieldName": "updateStreamMember",
		    "RequestMappingTemplateS3Location": {
		      "Fn::Sub": [
		        "s3://${S3DeploymentBucket}/${S3DeploymentRootKey}/resolvers/Mutation.updateStreamMember.req.vtl",
		        {
		          "S3DeploymentBucket": {
		            "Ref": "S3DeploymentBucket"
		          },
		          "S3DeploymentRootKey": {
		            "Ref": "S3DeploymentRootKey"
		          }
		        }
		      ]
		    },
		    "ResponseMappingTemplateS3Location": {
		      "Fn::Sub": [
		        "s3://${S3DeploymentBucket}/${S3DeploymentRootKey}/resolvers/Mutation.updateStreamMember.res.vtl",
		        {
		          "S3DeploymentBucket": {
		            "Ref": "S3DeploymentBucket"
		          },
		          "S3DeploymentRootKey": {
		            "Ref": "S3DeploymentRootKey"
		          }
		        }
		      ]
		    }
		  }
		},
		"MutationDeleteStreamMemberResolver": {
		  "Type": "AWS::AppSync::Resolver",
		  "Properties": {
		    "ApiId": {
		      "Ref": "AppSyncApiId"
		    },
		    "DataSourceName": {
		      "Fn::GetAtt": [
		        "LocalDataSource",
		        "Name"
		      ]
		    },
		    "TypeName": "Mutation",
		    "FieldName": "deleteStreamMember",
		    "RequestMappingTemplateS3Location": {
		      "Fn::Sub": [
		        "s3://${S3DeploymentBucket}/${S3DeploymentRootKey}/resolvers/Mutation.deleteStreamMember.req.vtl",
		        {
		          "S3DeploymentBucket": {
		            "Ref": "S3DeploymentBucket"
		          },
		          "S3DeploymentRootKey": {
		            "Ref": "S3DeploymentRootKey"
		          }
		        }
		      ]
		    },
		    "ResponseMappingTemplateS3Location": {
		      "Fn::Sub": [
		        "s3://${S3DeploymentBucket}/${S3DeploymentRootKey}/resolvers/Mutation.deleteStreamMember.res.vtl",
		        {
		          "S3DeploymentBucket": {
		            "Ref": "S3DeploymentBucket"
		          },
		          "S3DeploymentRootKey": {
		            "Ref": "S3DeploymentRootKey"
		          }
		        }
		      ]
		    }
		  }
		}
	},
	"Conditions": {
		"HasEnvironmentParameter": {
			"Fn::Not": [
				{
					"Fn::Equals": [
						{
							"Ref": "env"
						},
						"NONE"
					]
				}
			]
		},
		"AlwaysFalse": {
			"Fn::Equals": [
				"true",
				"false"
			]
		}
	},
	"Outputs": {
		"EmptyOutput": {
			"Description": "An empty output. You may delete this if you have at least one resource above.",
			"Value": ""
		}
	}
}
