{
	"providers": {
		"awscloudformation": {
			"AuthRoleName": "amplify-plooralist-dev-115520-authRole",
			"UnauthRoleArn": "arn:aws:iam::838066868241:role/amplify-plooralist-dev-115520-unauthRole",
			"AuthRoleArn": "arn:aws:iam::838066868241:role/amplify-plooralist-dev-115520-authRole",
			"Region": "us-east-1",
			"DeploymentBucketName": "amplify-plooralist-dev-115520-deployment",
			"UnauthRoleName": "amplify-plooralist-dev-115520-unauthRole",
			"StackName": "amplify-plooralist-dev-115520",
			"StackId": "arn:aws:cloudformation:us-east-1:838066868241:stack/amplify-plooralist-dev-115520/31013560-167c-11ea-bd51-1245bb6cedee",
			"AmplifyAppId": "d15c5u4e7dllq5"
		},
		"categories": {
			"auth": {
				"plooralistAuth": {}
			},
			"function": {
				"plooralistListUsersAreContacts": {},
				"plooralistCreatePanelAndMembers": {},
				"plooralistPanelStream": {},
				"plooralistMemberStream": {},
				"plooralistAuthPostConfirmation": {},
				"plooralistTaskStream": {},
				"plooralistPlaceNotificationStream": {},
				"plooralistSendTimeNotification": {},
				"plooralistGetEventsFromRadar": {},
				"plooralistCreateCouplPanelsFromUsersAreContacts": {},
				"plooralistGraphQL": {},
				"plooralistPinpoint": {}
			},
			"notifications": {
				"Pinpoint": {
					"Name": "plooralistPinpoint-dev",
					"Id": "4a8f1e35943b47d5acf60b10734f4315",
					"Region": "us-east-1"
				}
			}
		}
	},
	"function": {
		"plooralistListUsersAreContacts": {
			"service": "Lambda",
			"providerPlugin": "awscloudformation",
			"build": true,
			"dependsOn": [
				{
					"category": "api",
					"resourceName": "plooralistGraphQL",
					"attributes": [
						"GraphQLAPIIdOutput",
						"GraphQLAPIEndpointOutput"
					]
				}
			],
			"output": {
				"Region": "us-east-1",
				"Arn": "arn:aws:lambda:us-east-1:838066868241:function:plooralistListUsersAreContacts-dev",
				"Name": "plooralistListUsersAreContacts-dev",
				"LambdaExecutionRole": "plooralistLambdaRole9d870a9d-dev"
			},
			"lastPushTimeStamp": "2019-12-04T14:27:29.149Z",
			"providerMetadata": {
				"s3TemplateURL": "https://s3.amazonaws.com/amplify-plooralist-dev-115520-deployment/amplify-cfn-templates/function/plooralistListUsersAreContacts-cloudformation-template.json",
				"logicalId": "functionplooralistListUsersAreContacts"
			}
		},
		"plooralistCreatePanelAndMembers": {
			"service": "Lambda",
			"providerPlugin": "awscloudformation",
			"build": true,
			"dependsOn": [
				{
					"category": "api",
					"resourceName": "plooralistGraphQL",
					"attributes": [
						"GraphQLAPIIdOutput",
						"GraphQLAPIEndpointOutput"
					]
				}
			],
			"output": {
				"Region": "us-east-1",
				"Arn": "arn:aws:lambda:us-east-1:838066868241:function:plooralistCreatePanelAndMembers-dev",
				"Name": "plooralistCreatePanelAndMembers-dev",
				"LambdaExecutionRole": "plooralistLambdaRole809bb940-dev"
			},
			"lastPushTimeStamp": "2019-12-04T14:27:29.158Z",
			"providerMetadata": {
				"s3TemplateURL": "https://s3.amazonaws.com/amplify-plooralist-dev-115520-deployment/amplify-cfn-templates/function/plooralistCreatePanelAndMembers-cloudformation-template.json",
				"logicalId": "functionplooralistCreatePanelAndMembers"
			},
			"lastBuildTimeStamp": "2019-12-04T13:46:14.951Z",
			"lastPackageTimeStamp": "2019-12-04T13:46:16.850Z",
			"distZipFilename": "plooralistCreatePanelAndMembers-4c366445722f7335674f-build.zip",
			"lastPushDirHash": "KVOUZslfE4pz+p6CUDte1YU5dEE="
		},
		"plooralistPanelStream": {
			"service": "Lambda",
			"providerPlugin": "awscloudformation",
			"build": true,
			"dependsOn": [
				{
					"category": "api",
					"resourceName": "plooralistGraphQL",
					"attributes": [
						"GraphQLAPIIdOutput",
						"GraphQLAPIEndpointOutput"
					]
				}
			],
			"output": {
				"Region": "us-east-1",
				"Arn": "arn:aws:lambda:us-east-1:838066868241:function:plooralistPanelStream-dev",
				"Name": "plooralistPanelStream-dev",
				"LambdaExecutionRole": "plooralistLambdaRole8516b9d2-dev"
			},
			"lastPushTimeStamp": "2019-12-04T14:27:29.160Z",
			"providerMetadata": {
				"s3TemplateURL": "https://s3.amazonaws.com/amplify-plooralist-dev-115520-deployment/amplify-cfn-templates/function/plooralistPanelStream-cloudformation-template.json",
				"logicalId": "functionplooralistPanelStream"
			}
		},
		"plooralistMemberStream": {
			"service": "Lambda",
			"providerPlugin": "awscloudformation",
			"build": true,
			"dependsOn": [
				{
					"category": "api",
					"resourceName": "plooralistGraphQL",
					"attributes": [
						"GraphQLAPIIdOutput",
						"GraphQLAPIEndpointOutput"
					]
				}
			],
			"output": {
				"Region": "us-east-1",
				"Arn": "arn:aws:lambda:us-east-1:838066868241:function:plooralistMemberStream-dev",
				"Name": "plooralistMemberStream-dev",
				"LambdaExecutionRole": "plooralistLambdaRole1f7f6343-dev"
			},
			"lastPushTimeStamp": "2019-12-04T14:27:29.162Z",
			"providerMetadata": {
				"s3TemplateURL": "https://s3.amazonaws.com/amplify-plooralist-dev-115520-deployment/amplify-cfn-templates/function/plooralistMemberStream-cloudformation-template.json",
				"logicalId": "functionplooralistMemberStream"
			}
		},
		"plooralistAuthPostConfirmation": {
			"service": "Lambda",
			"providerPlugin": "awscloudformation",
			"build": true,
			"output": {
				"Region": "us-east-1",
				"Arn": "arn:aws:lambda:us-east-1:838066868241:function:plooralistAuthPostConfirmation-dev",
				"Name": "plooralistAuthPostConfirmation-dev"
			},
			"lastPushTimeStamp": "2019-12-04T14:27:29.175Z",
			"providerMetadata": {
				"s3TemplateURL": "https://s3.amazonaws.com/amplify-plooralist-dev-115520-deployment/amplify-cfn-templates/function/plooralistAuthPostConfirmation-cloudformation-template.json",
				"logicalId": "functionplooralistAuthPostConfirmation"
			},
			"lastBuildTimeStamp": "2019-12-04T14:25:15.183Z",
			"lastPackageTimeStamp": "2019-12-04T14:25:15.460Z",
			"distZipFilename": "plooralistAuthPostConfirmation-707862736f4442746565-build.zip",
			"lastPushDirHash": "WD9kbPnpxzS1XDEaYWU8uUJ0LQY="
		},
		"plooralistTaskStream": {
			"service": "Lambda",
			"providerPlugin": "awscloudformation",
			"build": true,
			"dependsOn": [
				{
					"category": "api",
					"resourceName": "plooralistGraphQL",
					"attributes": [
						"GraphQLAPIIdOutput",
						"GraphQLAPIEndpointOutput"
					]
				},
				{
					"category": "analytics",
					"resourceName": "plooralistPinpoint",
					"attributes": [
						"Id",
						"Region"
					]
				}
			],
			"output": {
				"Region": "us-east-1",
				"Arn": "arn:aws:lambda:us-east-1:838066868241:function:plooralistTaskStream-dev",
				"Name": "plooralistTaskStream-dev",
				"LambdaExecutionRole": "plooralistLambdaRoleba6816ca-dev"
			},
			"lastPushTimeStamp": "2019-12-04T14:27:29.164Z",
			"providerMetadata": {
				"s3TemplateURL": "https://s3.amazonaws.com/amplify-plooralist-dev-115520-deployment/amplify-cfn-templates/function/plooralistTaskStream-cloudformation-template.json",
				"logicalId": "functionplooralistTaskStream"
			}
		},
		"plooralistPlaceNotificationStream": {
			"service": "Lambda",
			"providerPlugin": "awscloudformation",
			"build": true,
			"output": {
				"Region": "us-east-1",
				"Arn": "arn:aws:lambda:us-east-1:838066868241:function:plooralistPlaceNotificationStream-dev",
				"Name": "plooralistPlaceNotificationStream-dev",
				"LambdaExecutionRole": "plooralistLambdaRole9a07a14c-dev"
			},
			"lastPushTimeStamp": "2019-12-04T14:27:29.165Z",
			"providerMetadata": {
				"s3TemplateURL": "https://s3.amazonaws.com/amplify-plooralist-dev-115520-deployment/amplify-cfn-templates/function/plooralistPlaceNotificationStream-cloudformation-template.json",
				"logicalId": "functionplooralistPlaceNotificationStream"
			}
		},
		"plooralistSendTimeNotification": {
			"service": "Lambda",
			"providerPlugin": "awscloudformation",
			"build": true,
			"dependsOn": [
				{
					"category": "api",
					"resourceName": "plooralistGraphQL",
					"attributes": [
						"GraphQLAPIIdOutput",
						"GraphQLAPIEndpointOutput"
					]
				},
				{
					"category": "analytics",
					"resourceName": "plooralistPinpoint",
					"attributes": [
						"Id",
						"Region"
					]
				}
			],
			"output": {
				"Region": "us-east-1",
				"Arn": "arn:aws:lambda:us-east-1:838066868241:function:plooralistSendTimeNotification-dev",
				"Name": "plooralistSendTimeNotification-dev",
				"LambdaExecutionRole": "plooralistLambdaRole8c1fef26-dev"
			},
			"lastPushTimeStamp": "2019-12-04T14:27:29.166Z",
			"providerMetadata": {
				"s3TemplateURL": "https://s3.amazonaws.com/amplify-plooralist-dev-115520-deployment/amplify-cfn-templates/function/plooralistSendTimeNotification-cloudformation-template.json",
				"logicalId": "functionplooralistSendTimeNotification"
			}
		},
		"plooralistGetEventsFromRadar": {
			"service": "Lambda",
			"providerPlugin": "awscloudformation",
			"build": true,
			"dependsOn": [
				{
					"category": "api",
					"resourceName": "plooralistGraphQL",
					"attributes": [
						"GraphQLAPIIdOutput",
						"GraphQLAPIEndpointOutput"
					]
				},
				{
					"category": "analytics",
					"resourceName": "plooralistPinpoint",
					"attributes": [
						"Id",
						"Region"
					]
				}
			],
			"output": {
				"Region": "us-east-1",
				"Arn": "arn:aws:lambda:us-east-1:838066868241:function:plooralistGetEventsFromRadar-dev",
				"Name": "plooralistGetEventsFromRadar-dev",
				"LambdaExecutionRole": "plooralistLambdaRolec21fa902-dev"
			},
			"lastPushTimeStamp": "2019-12-04T14:27:29.167Z",
			"providerMetadata": {
				"s3TemplateURL": "https://s3.amazonaws.com/amplify-plooralist-dev-115520-deployment/amplify-cfn-templates/function/plooralistGetEventsFromRadar-cloudformation-template.json",
				"logicalId": "functionplooralistGetEventsFromRadar"
			}
		},
		"plooralistCreateCouplPanelsFromUsersAreContacts": {
			"service": "Lambda",
			"providerPlugin": "awscloudformation",
			"build": true,
			"dependsOn": [
				{
					"category": "api",
					"resourceName": "plooralistGraphQL",
					"attributes": [
						"GraphQLAPIIdOutput",
						"GraphQLAPIEndpointOutput"
					]
				}
			],
			"output": {
				"Region": "us-east-1",
				"Arn": "arn:aws:lambda:us-east-1:838066868241:function:plooralistCreateCouplPanelsFromUsersAreContacts-dev",
				"Name": "plooralistCreateCouplPanelsFromUsersAreContacts-dev",
				"LambdaExecutionRole": "plooralistLambdaRole1c2ab76f-dev"
			},
			"lastPushTimeStamp": "2019-12-04T14:27:29.168Z",
			"providerMetadata": {
				"s3TemplateURL": "https://s3.amazonaws.com/amplify-plooralist-dev-115520-deployment/amplify-cfn-templates/function/plooralistCreateCouplPanelsFromUsersAreContacts-cloudformation-template.json",
				"logicalId": "functionplooralistCreateCouplPanelsFromUsersAreContacts"
			}
		}
	},
	"auth": {
		"plooralistAuth": {
			"service": "Cognito",
			"providerPlugin": "awscloudformation",
			"dependsOn": [
				{
					"category": "function",
					"resourceName": "plooralistAuthPostConfirmation",
					"triggerProvider": "Cognito",
					"attributes": [
						"Arn",
						"Name"
					]
				}
			],
			"output": {
				"AppClientSecret": "t6va49j1n2l1v2v1tgvrprccgruvvuf8co6o5fnu7mi0896e3e9",
				"UserPoolId": "us-east-1_rQa93aAO7",
				"AppClientIDWeb": "7dbiij1kago62k1tj0fnrb8dfv",
				"AppClientID": "7t539mfr0g9n3f4kivsuqd28fl",
				"IdentityPoolId": "us-east-1:4e45a9cc-e845-4d3c-a759-768a7c5b3ebd",
				"IdentityPoolName": "plooralistIdentityPool__dev",
				"UserPoolName": "plooralistplooralistUserPool"
			},
			"lastPushTimeStamp": "2019-12-04T14:27:29.169Z",
			"providerMetadata": {
				"s3TemplateURL": "https://s3.amazonaws.com/amplify-plooralist-dev-115520-deployment/amplify-cfn-templates/auth/plooralistAuth-cloudformation-template.yml",
				"logicalId": "authplooralistAuth"
			}
		}
	},
	"api": {
		"plooralistGraphQL": {
			"service": "AppSync",
			"providerPlugin": "awscloudformation",
			"output": {
				"authConfig": {
					"additionalAuthenticationProviders": [
						{
							"authenticationType": "AWS_IAM"
						}
					],
					"defaultAuthentication": {
						"authenticationType": "AMAZON_COGNITO_USER_POOLS",
						"userPoolConfig": {
							"userPoolId": "authplooralistAuth"
						}
					}
				},
				"GraphQLAPIIdOutput": "hv75vesyi5frnodnizuu6rmonq",
				"GraphQLAPIEndpointOutput": "https://b37qk64v4jerlbjgbxtxa4azg4.appsync-api.us-east-1.amazonaws.com/graphql"
			},
			"lastPushTimeStamp": "2019-12-04T14:27:29.170Z",
			"providerMetadata": {
				"s3TemplateURL": "https://s3.amazonaws.com/amplify-plooralist-dev-115520-deployment/amplify-cfn-templates/api/cloudformation-template.json",
				"logicalId": "apiplooralistGraphQL"
			}
		}
	},
	"analytics": {
		"plooralistPinpoint": {
			"service": "Pinpoint",
			"providerPlugin": "awscloudformation",
			"output": {
				"appName": "plooralistPinpoint-dev",
				"Region": "us-east-1",
				"Id": "b2ef37d652d847bb85c7a310ec0d0309"
			},
			"lastPushTimeStamp": "2019-12-04T14:27:29.171Z",
			"providerMetadata": {
				"s3TemplateURL": "https://s3.amazonaws.com/amplify-plooralist-dev-115520-deployment/amplify-cfn-templates/analytics/pinpoint-cloudformation-template.json",
				"logicalId": "analyticsplooralistPinpoint"
			}
		}
	},
	"notifications": {
		"plooralistPinpoint": {
			"service": "Pinpoint",
			"output": {
				"Name": "plooralistPinpoint-dev",
				"Id": "4a8f1e35943b47d5acf60b10734f4315",
				"Region": "us-east-1",
				"APNS": {
					"ApplicationId": "4a8f1e35943b47d5acf60b10734f4315",
					"CreationDate": "2019-12-04T09:59:52.517Z",
					"DefaultAuthenticationMethod": "Certificate",
					"Enabled": true,
					"HasCredential": true,
					"HasTokenKey": false,
					"Id": "apns",
					"IsArchived": false,
					"LastModifiedDate": "2019-12-04T09:59:52.518Z",
					"Platform": "APNS",
					"Version": 1
				},
				"FCM": {
					"ApplicationId": "4a8f1e35943b47d5acf60b10734f4315",
					"CreationDate": "2019-12-04T10:00:24.084Z",
					"Enabled": true,
					"HasCredential": true,
					"Id": "gcm",
					"IsArchived": false,
					"LastModifiedDate": "2019-12-04T10:00:24.084Z",
					"Platform": "GCM",
					"Version": 1
				}
			},
			"lastPushTimeStamp": "2019-12-04T13:33:59.196Z"
		}
	},
	"storage": {
		"plooralistS3": {
			"service": "S3",
			"providerPlugin": "awscloudformation",
			"output": {
				"BucketName": "plooralists3bucket-dev",
				"Region": "us-east-1"
			},
			"lastPushTimeStamp": "2019-12-04T14:27:29.172Z",
			"providerMetadata": {
				"s3TemplateURL": "https://s3.amazonaws.com/amplify-plooralist-dev-115520-deployment/amplify-cfn-templates/storage/s3-cloudformation-template.json",
				"logicalId": "storageplooralistS3"
			}
		}
	}
}