{
    "function": {
        "plooralistListUsersAreContacts": {
            "service": "Lambda",
            "providerPlugin": "awscloudformation",
            "build": true,
            "dependsOn": [
                {
                    "category": "api",
                    "resourceName": "plooralistGraphQL",
                    "attributes": [
                        "GraphQLAPIIdOutput",
                        "GraphQLAPIEndpointOutput"
                    ]
                }
            ]
        },
        "plooralistCreatePanelAndMembers": {
            "service": "Lambda",
            "providerPlugin": "awscloudformation",
            "build": true,
            "dependsOn": [
                {
                    "category": "api",
                    "resourceName": "plooralistGraphQL",
                    "attributes": [
                        "GraphQLAPIIdOutput",
                        "GraphQLAPIEndpointOutput"
                    ]
                }
            ]
        },
        "plooralistPanelStream": {
            "service": "Lambda",
            "providerPlugin": "awscloudformation",
            "build": true,
            "dependsOn": [
                {
                    "category": "api",
                    "resourceName": "plooralistGraphQL",
                    "attributes": [
                        "GraphQLAPIIdOutput",
                        "GraphQLAPIEndpointOutput"
                    ]
                }
            ]
        },
        "plooralistMemberStream": {
            "service": "Lambda",
            "providerPlugin": "awscloudformation",
            "build": true,
            "dependsOn": [
                {
                    "category": "api",
                    "resourceName": "plooralistGraphQL",
                    "attributes": [
                        "GraphQLAPIIdOutput",
                        "GraphQLAPIEndpointOutput"
                    ]
                }
            ]
        },
        "plooralistAuthPostConfirmation": {
            "service": "Lambda",
            "providerPlugin": "awscloudformation",
            "build": true
        },
        "plooralistTaskStream": {
            "service": "Lambda",
            "providerPlugin": "awscloudformation",
            "build": true,
            "dependsOn": [
                {
                    "category": "api",
                    "resourceName": "plooralistGraphQL",
                    "attributes": [
                        "GraphQLAPIIdOutput",
                        "GraphQLAPIEndpointOutput"
                    ]
                },
                {
                    "category": "analytics",
                    "resourceName": "plooralistPinpoint",
                    "attributes": [
                        "Id",
                        "Region"
                    ]
                }
            ]
        },
        "plooralistPlaceNotificationStream": {
            "service": "Lambda",
            "providerPlugin": "awscloudformation",
            "build": true
        },
        "plooralistSendTimeNotification": {
            "service": "Lambda",
            "providerPlugin": "awscloudformation",
            "build": true,
            "dependsOn": [
                {
                    "category": "api",
                    "resourceName": "plooralistGraphQL",
                    "attributes": [
                        "GraphQLAPIIdOutput",
                        "GraphQLAPIEndpointOutput"
                    ]
                },
                {
                    "category": "analytics",
                    "resourceName": "plooralistPinpoint",
                    "attributes": [
                        "Id",
                        "Region"
                    ]
                }
            ]
        },
        "plooralistGetEventsFromRadar": {
            "service": "Lambda",
            "providerPlugin": "awscloudformation",
            "build": true,
            "dependsOn": [
                {
                    "category": "api",
                    "resourceName": "plooralistGraphQL",
                    "attributes": [
                        "GraphQLAPIIdOutput",
                        "GraphQLAPIEndpointOutput"
                    ]
                },
                {
                    "category": "analytics",
                    "resourceName": "plooralistPinpoint",
                    "attributes": [
                        "Id",
                        "Region"
                    ]
                }
            ]
        },
        "plooralistCreateCouplPanelsFromUsersAreContacts": {
            "service": "Lambda",
            "providerPlugin": "awscloudformation",
            "build": true,
            "dependsOn": [
                {
                    "category": "api",
                    "resourceName": "plooralistGraphQL",
                    "attributes": [
                        "GraphQLAPIIdOutput",
                        "GraphQLAPIEndpointOutput"
                    ]
                }
            ]
        }
    },
    "auth": {
        "plooralistAuth": {
            "service": "Cognito",
            "providerPlugin": "awscloudformation",
            "dependsOn": [
                {
                    "category": "function",
                    "resourceName": "plooralistAuthPostConfirmation",
                    "triggerProvider": "Cognito",
                    "attributes": [
                        "Arn",
                        "Name"
                    ]
                }
            ]
        }
    },
    "api": {
        "plooralistGraphQL": {
            "service": "AppSync",
            "providerPlugin": "awscloudformation",
            "output": {
                "authConfig": {
                    "additionalAuthenticationProviders": [
                        {
                            "authenticationType": "AWS_IAM"
                        }
                    ],
                    "defaultAuthentication": {
                        "authenticationType": "AMAZON_COGNITO_USER_POOLS",
                        "userPoolConfig": {
                            "userPoolId": "authplooralistAuth"
                        }
                    }
                }
            }
        }
    },
    "analytics": {
        "plooralistPinpoint": {
            "service": "Pinpoint",
            "providerPlugin": "awscloudformation"
        }
    },
    "notifications": {
        "plooralistPinpoint": {
            "service": "Pinpoint",
            "channels": [
                "APNS",
                "FCM"
            ]
        }
    },
    "storage": {
        "plooralistS3": {
            "service": "S3",
            "providerPlugin": "awscloudformation"
        }
    }
}